Operator Name,City,State,Phone,Email,Website,Contacted,Notes,Source
Solairus Aviation,Las Vegas,NV,,,solairus.net,No,,aircharterguide
M and N Aviation,Reno,NV,,,,No,,aircharterguide
Air Smart Share,Las Vegas,NV,,,,No,,aircharterguide
AirTahoe,Minden,NV,2545352419,,airtahoe.com,No,,aircharterguide
Charter Airlines LLC,Las Vegas,NV,,,,No,,aircharterguide
Clay Lacy Aviation,Las Vegas,NV,1111111111,,claylacy.com,No,,aircharterguide
CTP Aviation,Las Vegas,NV,,,,No,,aircharterguide
El Aero Services,Carson City,NV,,,,No,,aircharterguide
Great Western Air / Cirrus Aviation Services,Las Vegas,NV,(941) 360-9074,info@cirrusaviation.com,cirrusaviation.com,Yes,Sent 2026-05-20 | id:b4d5a609-aa2b-4778-962a-1bdd8e9b2d29,aircharterguide
Hangar 7 Aviation,Las Vegas,NV,,,,No,,aircharterguide
Hutt Aviation,Minden,NV,,,,No,,aircharterguide
Jet Edge International,Las Vegas,NV,,,jetedge.com,No,,aircharterguide
Marc Air,Minden,NV,,,marcair.com,No,,aircharterguide
Mira Vista Aviation,Las Vegas,NV,,,,No,,aircharterguide
Mountain Lion Aviation,Reno,NV,,,,No,,aircharterguide
Prestige Air Group,Las Vegas,NV,(702) 221-1444,bookings@PrestigeAirGroup.com,prestigeairgroup.com,Yes,Sent 2026-05-20 | id:98ffacc8-0241-404c-8451-de5e0a77fc87,aircharterguide
Silver Air,Reno,NV,1697219188,info@silverair.com,silverair.com,Yes,Sent 2026-05-20 | id:5a769281-6b2d-4259-ac22-b14907652b3d,aircharterguide
Thrive Aviation,Las Vegas,NV,,info@thriveaviation.com,thriveaviation.com,Yes,Sent 2026-05-20 | id:6f4b0629-1d31-4a65-b091-68780c483b50,aircharterguide