Operator Name,Certificate #,State,FAA Office,Phone,Email,Contacted,Notes
"AEROCAPITAL FLIGHT SERVICES, LLC",O09A,Alabama,SO09 - Alabama & NW Florida (BHM),,,No,
"AIRCRAFT MANAGEMENT SERVICES, INC.",AMSA,Alabama,SO09 - Alabama & NW Florida (BHM),,,No,
"AIRKLINE, INC",6BBA,Alabama,SO09 - Alabama & NW Florida (BHM),,,No,
"AIRMED INTERNATIONAL, LLC",MDGA,Alabama,SO09 - Alabama & NW Florida (BHM),,,No,
"AVIATION SERVICES GROUP, INC.",W1MA,Alabama,SO09 - Alabama & NW Florida (BHM),,,No,
AXXEUM INC,AXMA,Alabama,SO09 - Alabama & NW Florida (BHM),,,No,
B AND G FLYING SERVICE INC,BGUA,Alabama,SO09 - Alabama & NW Florida (BHM),,,No,
"COASTAL Air Service, INC.",C33A,Alabama,SO09 - Alabama & NW Florida (BHM),,,No,
EXECUTIVE AVIATION GROUP LLC,189A,Alabama,SO09 - Alabama & NW Florida (BHM),,,No,
HAYNES AVIATION LLC,4HYA,Alabama,SO09 - Alabama & NW Florida (BHM),,,No,
INTENSIVE AIR CARE CHARTER AIR INC,4JLA,Alabama,SO09 - Alabama & NW Florida (BHM),,,No,
JET SERVICES INC,9JXA,Alabama,SO09 - Alabama & NW Florida (BHM),,,No,
"LONG BAY AVIATION, LLC",3LGA,Alabama,SO09 - Alabama & NW Florida (BHM),,,No,
"Southern Sky Aviation Charters, LLC.",365A,Alabama,SO09 - Alabama & NW Florida (BHM),,,No,
"Speed Aviation, Inc.",EE0A,Alabama,SO09 - Alabama & NW Florida (BHM),,,No,
VSC AVIATION INC,V88A,Alabama,SO09 - Alabama & NW Florida (BHM),,,No,
"4 W Air, LLC",SKOC,Alaska,AL03 - Anchorage  (ANC),,,No,
"40 Mile Air, Ltd.",FMAA,Alaska,AL01 - Fairbanks (FAI),,,No,
A G SHOLTON COMPANY,O4LC,Alaska,AL03 - Anchorage  (ANC),,,No,
"ADAMS, ROBERT L",U7GC,Alaska,AL03 - Anchorage  (ANC),,,No,
ADVANCED PLACEMENT AVIATION LLC,3KPC,Alaska,AL03 - Anchorage  (ANC),,,No,
AIR MADURA II LLC,2MZC,Alaska,AL03 - Anchorage  (ANC),,,No,
AIR MADURA LLC,UMZA,Alaska,AL03 - Anchorage  (ANC),,,No,
AIRBRIDGE ENGINEERING LLC                         ,3AGC,Alaska,AL03 - Anchorage  (ANC),,,No,
ALASKA AIR INC,JSFA,Alaska,AL03 - Anchorage  (ANC),,,No,
ALASKA BUSH CHARTERS LLC,5H2C,Alaska,AL03 - Anchorage  (ANC),,,No,
ALASKA BUSH FLOATPLANE SERVICE CO,B5PC,Alaska,AL03 - Anchorage  (ANC),,,No,
ALASKA CENTRAL EXPRESS INC,YADA,Alaska,AL03 - Anchorage  (ANC),,,No,
ALASKA FLYING ADVENTURES LLC,4FEA,Alaska,AL03 - Anchorage  (ANC),,,No,
ALASKA ISLAND AIR INC,K1IC,Alaska,AL03 - Anchorage  (ANC),,,No,
ALASKA LAND EXPLORATION LLC,1XLA,Alaska,AL01 - Fairbanks (FAI),,,No,
ALASKA MOUNTAIN TRANSPORT LLC,K3OC,Alaska,AL03 - Anchorage  (ANC),,,No,
ALASKA SCENIC AIR LLC,2TWC,Alaska,AL03 - Anchorage  (ANC),,,No,
ALASKA SKYWAYS INC,META,Alaska,AL03 - Anchorage  (ANC),,,No,
ALBERTS AIR ALASKA LLC,392C,Alaska,AL03 - Anchorage  (ANC),,,No,
ALPENGLOW AVIATION LLC,2BBC,Alaska,AL03 - Anchorage  (ANC),,,No,
ALPHA AVIATION LLC,4ZDA,Alaska,AL03 - Anchorage  (ANC),,,No,
ALPINE AIR ALASKA LLC,YDAA,Alaska,AL03 - Anchorage  (ANC),,,No,
ANTLER AVIATION AND WILDLIFE SERVICE LLC,1EQA,Alaska,AL03 - Anchorage  (ANC),,,No,
"ARCTIC AIR TRANSPORT, LLC",G7UC,Alaska,AL03 - Anchorage  (ANC),,,No,
ARCTIC BACKCOUNTRY FLYING SERVICE LLC,4AKC,Alaska,AL01 - Fairbanks (FAI),,,No,
ARROWHEAD OUTFITTERS LLC,AO0A,Alaska,AL03 - Anchorage  (ANC),,,No,
ARTIC'S AIR ACADEMY LLC,6ACA,Alaska,AL03 - Anchorage  (ANC),,,No,
"ATKINS, RAY",EOGA,Alaska,AL01 - Fairbanks (FAI),,,No,
AVALANCHE ENTERPRISES LLC,1VLA,Alaska,AL03 - Anchorage  (ANC),,,No,
"AVIATION USA, LLC",1YFA,Alaska,AL03 - Anchorage  (ANC),,,No,
"Adventure Airways, Inc",GFKA,Alaska,AL05 - Juneau (JNU),,,No,
"Air Cargo Solutions, Inc",8NIA,Alaska,AL05 - Juneau (JNU),,,No,
"Air Excursions, LLC",YAXA,Alaska,AL05 - Juneau (JNU),,,No,
"Airventures Alaska, Inc.",K92A,Alaska,AL03 - Anchorage  (ANC),,,No,
"Alaska Skies Air Taxi, LLC",UB8C,Alaska,AL03 - Anchorage  (ANC),,,No,
"Alaska West Air, Inc",LCWC,Alaska,AL05 - Juneau (JNU),,,No,
"Alaska Wilderness Outfitting Company, LLC",WU5C,Alaska,AL05 - Juneau (JNU),,,No,
Alaskan Outback Aviation Inc,FWHC,Alaska,AL03 - Anchorage  (ANC),,,No,
"Andrew Airways, Inc",D4NA,Alaska,AL05 - Juneau (JNU),,,No,
Angel Aviation Inc.,9FKA,Alaska,AL03 - Anchorage  (ANC),,,No,
"Arctic Air Alaska, Inc.",A2KA,Alaska,AL01 - Fairbanks (FAI),,,No,
"Arctic Air, Inc",K58C,Alaska,AL05 - Juneau (JNU),,,No,
"Arctic Alaska Helicopters, Inc.",P1JC,Alaska,AL05 - Juneau (JNU),,,No,
"Asher Air, LLC.",3KSC,Alaska,AL03 - Anchorage  (ANC),,,No,
"Aurora Aviation Services, Inc.",KS1A,Alaska,AL01 - Fairbanks (FAI),,,No,
"Aviation Expeditions, LLC",XYXC,Alaska,AL01 - Fairbanks (FAI),,,No,
BACKCOUNTRY AIR LLC,K3QA,Alaska,AL03 - Anchorage  (ANC),,,No,
BAKER AIR LLC,E2KC,Alaska,AL03 - Anchorage  (ANC),,,No,
"BAL, INC.",W3LC,Alaska,AL03 - Anchorage  (ANC),,,No,
"BARBER, JACK B",JKGC,Alaska,AL03 - Anchorage  (ANC),,,No,
"BAY AIR, INC",ZXSC,Alaska,AL03 - Anchorage  (ANC),,,No,
"BEAR MOUNTAIN  AIR, LLC",Q9LC,Alaska,AL03 - Anchorage  (ANC),,,No,
BIDZY TA HOT AANA CORP,BTHA,Alaska,AL03 - Anchorage  (ANC),,,No,
BIG RIVER VENTURES LLC,8G1C,Alaska,AL01 - Fairbanks (FAI),,,No,
BIRCHWOOD AIR TAXI LLC,BWAC,Alaska,AL03 - Anchorage  (ANC),,,No,
BIRCHWOOD AIRCRAFT SERVICES LLC,BVZC,Alaska,AL01 - Fairbanks (FAI),,,No,
BRISTOL BAY AIR SERVICE INC,B9BC,Alaska,AL03 - Anchorage  (ANC),,,No,
BUSH AIR CARGO INC,Q0BC,Alaska,AL03 - Anchorage  (ANC),,,No,
BUSH HOPPERS LLC,2BPC,Alaska,AL03 - Anchorage  (ANC),,,No,
BUSH WINGS AIR SERVICE INC,B9VC,Alaska,AL03 - Anchorage  (ANC),,,No,
"Bald Mountain Air Service, Inc",YQPA,Alaska,AL05 - Juneau (JNU),,,No,
"Baranautica Air Service, LLC",845A,Alaska,AL05 - Juneau (JNU),,,No,
"Beluga Air, LLC",EPQA,Alaska,AL05 - Juneau (JNU),,,No,
"Bering Air, Inc.",FXTA,Alaska,AL01 - Fairbanks (FAI),,,No,
"Beryl Air, LLC",5BYA,Alaska,AL05 - Juneau (JNU),,,No,
Bettles Air Service,IKDC,Alaska,AL01 - Fairbanks (FAI),,,No,
"Branch River Air Service, Inc",EQWA,Alaska,AL03 - Anchorage  (ANC),,,No,
"Braswell, Jerrold W.",J3XC,Alaska,AL03 - Anchorage  (ANC),,,No,
Brooks Flyers LLC.,X9ZC,Alaska,AL03 - Anchorage  (ANC),,,No,
Bushwacker Air Service,1BUC,Alaska,AL01 - Fairbanks (FAI),,,No,
CLEARWATER AIR INC,LAMA,Alaska,AL03 - Anchorage  (ANC),,,No,
COPPER VALLEY AIR SERVICE LLC,EAXA,Alaska,AL03 - Anchorage  (ANC),,,No,
COUPCHIAK AVIATION INC,CVKC,Alaska,AL03 - Anchorage  (ANC),,,No,
"Caliber Air, LLC",41BA,Alaska,AL03 - Anchorage  (ANC),,,No,
"Cambier, Troy L.",E1RC,Alaska,AL01 - Fairbanks (FAI),,,No,
"Chordline Aviation, LLC",5CDA,Alaska,AL05 - Juneau (JNU),,,No,
"Coastal Air, LLC",5CLA,Alaska,AL03 - Anchorage  (ANC),,,No,
"Coastal Helicopters, Inc",XCHA,Alaska,AL05 - Juneau (JNU),,,No,
"Coastal Seaplanes Service, Inc.",M5KA,Alaska,AL05 - Juneau (JNU),,,No,
"Coldfoot Air, LLC",4GOC,Alaska,AL01 - Fairbanks (FAI),,,No,
"Cook Inlet Aviation, LLC",6COA,Alaska,AL05 - Juneau (JNU),,,No,
"Copper River Air Taxi, LLC",L99A,Alaska,AL03 - Anchorage  (ANC),,,No,
"Cordova Air Service, Inc",ORDA,Alaska,AL05 - Juneau (JNU),,,No,
Coyote Air LLC,CY6A,Alaska,AL01 - Fairbanks (FAI),,,No,
"Craig Air, Inc.",VDQC,Alaska,AL03 - Anchorage  (ANC),,,No,
Crow Creek Air Service LLC,3CKA,Alaska,AL03 - Anchorage  (ANC),,,No,
"D Air, LLC",5DAA,Alaska,AL05 - Juneau (JNU),,,No,
"DARDEN, DONALD E",EQRC,Alaska,AL03 - Anchorage  (ANC),,,No,
DAVIDSON AVIATION LLC,3DDA,Alaska,AL03 - Anchorage  (ANC),,,No,
DEHAAN AVIATION LLC,DHNC,Alaska,AL03 - Anchorage  (ANC),,,No,
DENA'INA AIR TAXI LLC,J95A,Alaska,AL03 - Anchorage  (ANC),,,No,
DENALI AIR INC,DLIA,Alaska,AL03 - Anchorage  (ANC),,,No,
DFS Alaska LLC.,D08C,Alaska,AL03 - Anchorage  (ANC),,,No,
DIOAIR LLC,3D3C,Alaska,AL01 - Fairbanks (FAI),,,No,
"Deckload Aviation, LLC",8DOC,Alaska,AL05 - Juneau (JNU),,,No,
"Denali Flying Service, LLC",LBJA,Alaska,AL05 - Juneau (JNU),,,No,
"Desert Air Transport, Inc.",D7TA,Alaska,AL03 - Anchorage  (ANC),,,No,
EAGLE RIVER AIR LLC,3ERA,Alaska,AL03 - Anchorage  (ANC),,,No,
EGLI AIR HAUL INC,HRPA,Alaska,AL03 - Anchorage  (ANC),,,No,
EIDER AIR SERVICE LLC,3EVC,Alaska,AL03 - Anchorage  (ANC),,,No,
"ELLIS, WENDELL KIRK",NA8C,Alaska,AL03 - Anchorage  (ANC),,,No,
ELLISON AIR INC,ELXA,Alaska,AL03 - Anchorage  (ANC),,,No,
"Earth Center Adventures, Inc",E4HA,Alaska,AL05 - Juneau (JNU),,,No,
"Eaton, Glen",EN0C,Alaska,AL05 - Juneau (JNU),,,No,
"Emerald Air Service, Inc",EY6C,Alaska,AL05 - Juneau (JNU),,,No,
FEJES GUIDE SERVICE LIMITED,F0JC,Alaska,AL03 - Anchorage  (ANC),,,No,
"FILKILL, DAVID B",YEOC,Alaska,AL03 - Anchorage  (ANC),,,No,
FLIGHT SAFETY ALASKA INC.,BR8C,Alaska,AL03 - Anchorage  (ANC),,,No,
FLY 4 YOU INC                                     ,3SVA,Alaska,AL03 - Anchorage  (ANC),,,No,
FLY DENALI INC.,A3WC,Alaska,AL01 - Fairbanks (FAI),,,No,
FOX AIRCRAFT LLC,9FXA,Alaska,AL03 - Anchorage  (ANC),,,No,
FRESH WATER ADVENTURES INC,BPMC,Alaska,AL03 - Anchorage  (ANC),,,No,
FULL CURL AVIATION LLC,3FCC,Alaska,AL03 - Anchorage  (ANC),,,No,
"Family Air Tours, LLC",F52C,Alaska,AL05 - Juneau (JNU),,,No,
"Flying Moose Alaska, LLC",FMKC,Alaska,AL01 - Fairbanks (FAI),,,No,
"Freeman Carter Aviation, LLC",9F3C,Alaska,AL05 - Juneau (JNU),,,No,
GLACIER FLIGHT,WW1C,Alaska,AL03 - Anchorage  (ANC),,,No,
"GLASER, DONALD E",GQDC,Alaska,AL03 - Anchorage  (ANC),,,No,
GOD'S COUNTRY AVIATION LLC,3GYC,Alaska,AL03 - Anchorage  (ANC),,,No,
"GQ Aviation, Inc.",GQ9C,Alaska,AL03 - Anchorage  (ANC),,,No,
GRANT AVIATION INC,ENHA,Alaska,AL03 - Anchorage  (ANC),,,No,
GRASSHOPPER AVIATION LLC,G7HA,Alaska,AL03 - Anchorage  (ANC),,,No,
"GRETZKE, ROBERT C",WN6A,Alaska,AL03 - Anchorage  (ANC),,,No,
"Gary Air Services, LLC",5GTA,Alaska,AL05 - Juneau (JNU),,,No,
"Glenn Brother Investments, LLC",ENGC,Alaska,AL01 - Fairbanks (FAI),,,No,
"Golden Eagle Outfitters, Inc",G6UA,Alaska,AL01 - Fairbanks (FAI),,,No,
HAGELAND AVIATION SERVICES INC,EPUA,Alaska,AL03 - Anchorage  (ANC),,,No,
HAWK MOUNTAIN AIR LLC,T5HA,Alaska,AL03 - Anchorage  (ANC),,,No,
HELI ALASKA INC,1EKA,Alaska,AL03 - Anchorage  (ANC),,,No,
"HELICOPTER AIR ALASKA, LLC",1TQC,Alaska,AL03 - Anchorage  (ANC),,,No,
HILINE AVIATION LLC,71HC,Alaska,AL03 - Anchorage  (ANC),,,No,
"Harris Aircraft Services, Inc",5WZA,Alaska,AL05 - Juneau (JNU),,,No,
"Hermens Helicopters, Inc.",H5HA,Alaska,AL03 - Anchorage  (ANC),,,No,
"High Adventure Air Charter, Guides, and Outfitters",ZKTC,Alaska,AL05 - Juneau (JNU),,,No,
"Homer Air, Inc",ENEA,Alaska,AL05 - Juneau (JNU),,,No,
Husky Air Services LLC,WK0C,Alaska,AL03 - Anchorage  (ANC),,,No,
ICE AGE LLC,4LOC,Alaska,AL03 - Anchorage  (ANC),,,No,
ICY STRAIT AVIATION LLC,3IIC,Alaska,AL03 - Anchorage  (ANC),,,No,
IDITAROD AIR LLC,3IAA,Alaska,AL03 - Anchorage  (ANC),,,No,
ILIAMNA AIR TAXI INC,EONA,Alaska,AL03 - Anchorage  (ANC),,,No,
Island Wings Air Service LLC,IW7A,Alaska,AL05 - Juneau (JNU),,,No,
J AND M ALASKA AIR TOURS INC,HVUA,Alaska,AL03 - Anchorage  (ANC),,,No,
"JOHNSTON, THOMAS",S2TC,Alaska,AL03 - Anchorage  (ANC),,,No,
"JONES, ROBERT D JR",H4AC,Alaska,AL03 - Anchorage  (ANC),,,No,
JUNIPOGO LLC,3JPA,Alaska,AL03 - Anchorage  (ANC),,,No,
K AIRCRAFT LEASING INC,3KCA,Alaska,AL03 - Anchorage  (ANC),,,No,
K Bay Air LLC,K99A,Alaska,AL05 - Juneau (JNU),,,No,
KANTISHNA AIR TAXI INC,XAKC,Alaska,AL01 - Fairbanks (FAI),,,No,
"KATMAI AIR, LLC",ENFA,Alaska,AL03 - Anchorage  (ANC),,,No,
KAVAN AIR LLC,3KVA,Alaska,AL03 - Anchorage  (ANC),,,No,
"KELLER, MATTHEW CHARLES",B9HA,Alaska,AL03 - Anchorage  (ANC),,,No,
KING AIR INC,KQAC,Alaska,AL03 - Anchorage  (ANC),,,No,
"KIRST, FOREST",K70A,Alaska,AL01 - Fairbanks (FAI),,,No,
"Kachemak Air Service, LLC",BJHA,Alaska,AL05 - Juneau (JNU),,,No,
"Kalinin Aviation, LLC",P9KA,Alaska,AL05 - Juneau (JNU),,,No,
"Kavik Aviation Services, LLC",5KRC,Alaska,AL05 - Juneau (JNU),,,No,
"Kenai Aviation Operations, LLC",ELYA,Alaska,AL05 - Juneau (JNU),,,No,
"Kennedy, Jared Wayne",4JWC,Alaska,AL05 - Juneau (JNU),,,No,
"Ketchikan Airways, LLC",5KIA,Alaska,AL03 - Anchorage  (ANC),,,No,
"Kingfisher Air, Inc",K0EC,Alaska,AL05 - Juneau (JNU),,,No,
Kodiak Air Service,3KOC,Alaska,AL05 - Juneau (JNU),,,No,
LAKE AND PENINSULA AIRLINES INC,QPOA,Alaska,AL03 - Anchorage  (ANC),,,No,
LAKE CLARK AIR INC,HXXC,Alaska,AL03 - Anchorage  (ANC),,,No,
LAND AND SEA AVIATION ALASKA LLC,4LAC,Alaska,AL03 - Anchorage  (ANC),,,No,
"LEE, GERALD R.",BSQA,Alaska,AL03 - Anchorage  (ANC),,,No,
LEGENDS LLC,W4WC,Alaska,AL03 - Anchorage  (ANC),,,No,
"Lechner, Burdette J",BJLC,Alaska,AL05 - Juneau (JNU),,,No,
"Lee's Sea-Air, Inc.",FWJC,Alaska,AL01 - Fairbanks (FAI),,,No,
"Litzen Guide Service, Inc",MBPC,Alaska,AL05 - Juneau (JNU),,,No,
"M A A, Inc.",MQAA,Alaska,AL03 - Anchorage  (ANC),,,No,
"MACK AIR, LLC",T0KC,Alaska,AL03 - Anchorage  (ANC),,,No,
"MAGNUSON AIRWAYS, LLC",U5RC,Alaska,AL03 - Anchorage  (ANC),,,No,
MALLEN AIR LLC,38MA,Alaska,AL01 - Fairbanks (FAI),,,No,
MCCARTHY AIR LLC,MGWA,Alaska,AL03 - Anchorage  (ANC),,,No,
"MCMAHAN, HARLEY B",HYCA,Alaska,AL03 - Anchorage  (ANC),,,No,
"MEEKIN, MICHAEL",EQKC,Alaska,AL03 - Anchorage  (ANC),,,No,
"MILLER, JONATHAN LUKE",7FYC,Alaska,AL03 - Anchorage  (ANC),,,No,
"MINTA, INC.",W9RA,Alaska,AL03 - Anchorage  (ANC),,,No,
MISTY AIR LLC,8MYA,Alaska,AL03 - Anchorage  (ANC),,,No,
MT. HAYES AIR,JR7C,Alaska,AL01 - Fairbanks (FAI),,,No,
MULCHATNA AIR TAXI LLC,UXLC,Alaska,AL03 - Anchorage  (ANC),,,No,
"Marathon Helicopters, LLC",1M8C,Alaska,AL05 - Juneau (JNU),,,No,
"Maritime Helicopters, Inc",ENRA,Alaska,AL05 - Juneau (JNU),,,No,
Midnight Air LLC,3R3C,Alaska,AL03 - Anchorage  (ANC),,,No,
"Misty Fjords Air and Outfitting, Inc",EKTA,Alaska,AL05 - Juneau (JNU),,,No,
"Mountain Flying Service, LLC",OUFA,Alaska,AL05 - Juneau (JNU),,,No,
"Munich, Hans W",H2MA,Alaska,AL05 - Juneau (JNU),,,No,
N2 Alaska llc,T26C,Alaska,AL03 - Anchorage  (ANC),,,No,
NEACOLA MTN AIR LLC,5NMC,Alaska,AL03 - Anchorage  (ANC),,,No,
NEITZ AVIATION INC,NZYC,Alaska,AL03 - Anchorage  (ANC),,,No,
NORSE FLIGHT INC,4NFA,Alaska,AL03 - Anchorage  (ANC),,,No,
NORTHERN PIONEER HELICOPTERS LLC,NP6A,Alaska,AL03 - Anchorage  (ANC),,,No,
NUNAK AIR TAXI LLC,2NUC,Alaska,AL03 - Anchorage  (ANC),,,No,
"Natron Air, Inc",N3NC,Alaska,AL05 - Juneau (JNU),,,No,
"Navair, Inc.",N6VA,Alaska,AL01 - Fairbanks (FAI),,,No,
"Nordic Air, LLC",NOGA,Alaska,AL05 - Juneau (JNU),,,No,
"North River Air, LLC.",1NRC,Alaska,AL05 - Juneau (JNU),,,No,
"Northstar Aero, LLC",J1OC,Alaska,AL05 - Juneau (JNU),,,No,
"Northstar Trekking, LLC",N5JA,Alaska,AL05 - Juneau (JNU),,,No,
"Northwind Aviation, LLC",QNWA,Alaska,AL05 - Juneau (JNU),,,No,
"ONEY, ANTHONY KING",ONYC,Alaska,AL03 - Anchorage  (ANC),,,No,
OSPREY AIR INC,O3SC,Alaska,AL03 - Anchorage  (ANC),,,No,
OTTER AIR LLC,3OTC,Alaska,AL03 - Anchorage  (ANC),,,No,
"PETRIE, MICHAEL A",MPRC,Alaska,AL03 - Anchorage  (ANC),,,No,
POLARIS AIR LLC,1PKC,Alaska,AL01 - Fairbanks (FAI),,,No,
POLLUX AVIATION LTD,UPXC,Alaska,AL03 - Anchorage  (ANC),,,No,
PRECISION PLUS INC,PPOC,Alaska,AL03 - Anchorage  (ANC),,,No,
PTARMIGAN AIR LLC,YGZC,Alaska,AL03 - Anchorage  (ANC),,,No,
"Paklook Air, Inc",T72A,Alaska,AL03 - Anchorage  (ANC),,,No,
"Pathfinder Aviation, LLC.",P3TA,Alaska,AL03 - Anchorage  (ANC),,,No,
"Petersburg Flying Service, LLC",PF1A,Alaska,AL05 - Juneau (JNU),,,No,
"Pirate Airworks, Inc",PJMC,Alaska,AL05 - Juneau (JNU),,,No,
Precision Air Inc,EMQC,Alaska,AL03 - Anchorage  (ANC),,,No,
"Quicksilver Air, Inc.",QOFA,Alaska,AL01 - Fairbanks (FAI),,,No,
RAINBOW RIVER LODGE AVIATION LLC,9RRA,Alaska,AL03 - Anchorage  (ANC),,,No,
"RAM Aviation, LLC.",J6UA,Alaska,AL03 - Anchorage  (ANC),,,No,
REEVE AIR ALASKA LLC                              ,V99A,Alaska,AL03 - Anchorage  (ANC),,,No,
REGIONAL HELICOPTERS LLC,2YFA,Alaska,AL03 - Anchorage  (ANC),,,No,
RENFRO'S ALASKAN ADVENTURES INC,R59A,Alaska,AL03 - Anchorage  (ANC),,,No,
ROCKY MOUNTAIN REMODELING INC,9ROC,Alaska,AL03 - Anchorage  (ANC),,,No,
"ROMO, MARK AND JENNIFER",3WUC,Alaska,AL03 - Anchorage  (ANC),,,No,
ROTAK LLC,6R0A,Alaska,AL03 - Anchorage  (ANC),,,No,
RUSTS FLYING SERVICE INC,ERHA,Alaska,AL03 - Anchorage  (ANC),,,No,
"RYAN AIR, INC.",UATA,Alaska,AL03 - Anchorage  (ANC),,,No,
"Redemption, Inc",RI9A,Alaska,AL05 - Juneau (JNU),,,No,
"Ridgeline Aviation, Inc.",3RLA,Alaska,AL05 - Juneau (JNU),,,No,
"Rue, David",FXSC,Alaska,AL01 - Fairbanks (FAI),,,No,
SHEEP MOUNTAIN AIR LLC,SMAC,Alaska,AL03 - Anchorage  (ANC),,,No,
SHELDON AIR SERVICE LLC,EMWC,Alaska,AL03 - Anchorage  (ANC),,,No,
SILVERTIP AVIATION LLC,3SFC,Alaska,AL03 - Anchorage  (ANC),,,No,
"SKY TREKKING ALASKA, LLC",IUKA,Alaska,AL03 - Anchorage  (ANC),,,No,
SKYDANCE AVIATION LLC,5K1A,Alaska,AL03 - Anchorage  (ANC),,,No,
"SLOW FORK AIR, INC",FXCA,Alaska,AL01 - Fairbanks (FAI),,,No,
SNOW GOOSE AIRWAYS LLC,3SOC,Alaska,AL03 - Anchorage  (ANC),,,No,
SOLOY HELICOPTERS LLC,2SYA,Alaska,AL03 - Anchorage  (ANC),,,No,
"SOUND AVIATION, LLC",SN6C,Alaska,AL03 - Anchorage  (ANC),,,No,
SPERNAK AIRWAYS INC,ERGA,Alaska,AL03 - Anchorage  (ANC),,,No,
SPORTSMAN'S AIR SERVICE INC,J4HC,Alaska,AL03 - Anchorage  (ANC),,,No,
SUNDAY AIR TAXI LLC,9DGC,Alaska,AL03 - Anchorage  (ANC),,,No,
SUNLIGHT AVIATION LLC,JTEC,Alaska,AL03 - Anchorage  (ANC),,,No,
SWIFT FORK AIR INC,1KEC,Alaska,AL01 - Fairbanks (FAI),,,No,
"Scenic Mountain Air, Inc",LVKA,Alaska,AL05 - Juneau (JNU),,,No,
"Schuh, Rodney J.",R0RC,Alaska,AL03 - Anchorage  (ANC),,,No,
"Scott Air, LLC",V9SA,Alaska,AL05 - Juneau (JNU),,,No,
"Scott Aviation, LLC",K95A,Alaska,AL03 - Anchorage  (ANC),,,No,
"Sea Hawk Air, Inc",SHKC,Alaska,AL05 - Juneau (JNU),,,No,
"Seawind Aviation, Inc.",K5WA,Alaska,AL05 - Juneau (JNU),,,No,
"Seward Air Taxi, LLC",2JCA,Alaska,AL05 - Juneau (JNU),,,No,
"Shade, Eric Loren",SAYC,Alaska,AL03 - Anchorage  (ANC),,,No,
Shadow Aviation Inc,QS9A,Alaska,AL01 - Fairbanks (FAI),,,No,
"Smokey Bay Air, Inc",X53A,Alaska,AL05 - Juneau (JNU),,,No,
"Sourdough Air Service, Inc.",SQDA,Alaska,AL01 - Fairbanks (FAI),,,No,
South Bay Ltd,YB9C,Alaska,AL03 - Anchorage  (ANC),,,No,
South Side Corporation,FF5A,Alaska,AL03 - Anchorage  (ANC),,,No,
"Southeast Aerial, LLC",4S5C,Alaska,AL05 - Juneau (JNU),,,No,
"Southeast Aviation, LLC",S03A,Alaska,AL05 - Juneau (JNU),,,No,
"Steller Air Service, LLC",E8DC,Alaska,AL05 - Juneau (JNU),,,No,
Suburban Air Express Inc.,XS8A,Alaska,AL01 - Fairbanks (FAI),,,No,
"Sunrise Aviation, Inc",SVVA,Alaska,AL05 - Juneau (JNU),,,No,
Swift River Air LLC,LFKA,Alaska,AL03 - Anchorage  (ANC),,,No,
TALKEETNA AIR TAXI INC,TL7C,Alaska,AL03 - Anchorage  (ANC),,,No,
TIKCHIK NARROWS LODGE INC.,T52C,Alaska,AL03 - Anchorage  (ANC),,,No,
TRUE NORTH AIR LLC,8TNC,Alaska,AL03 - Anchorage  (ANC),,,No,
TRYGG AIR ALASKA LLC,9CKC,Alaska,AL03 - Anchorage  (ANC),,,No,
TUCKER AVIATION INC,TKAC,Alaska,AL03 - Anchorage  (ANC),,,No,
TUNDRA LTD,5TQA,Alaska,AL01 - Fairbanks (FAI),,,No,
"Talkeetna Aero Services, Inc.",T04A,Alaska,AL03 - Anchorage  (ANC),,,No,
"Talon Air Service, Inc",ITDC,Alaska,AL05 - Juneau (JNU),,,No,
"Tatonduk Outfitters, Ltd.",FXGA,Alaska,AL07 - Denali  CMO,,,No,
"Tazimina Air, LLC",J03C,Alaska,AL03 - Anchorage  (ANC),,,No,
"Temsco Helicopters, Inc",HXSA,Alaska,AL05 - Juneau (JNU),,,No,
Tikchik Airventures LLC,B8BC,Alaska,AL03 - Anchorage  (ANC),,,No,
"Toby, LLC",J0FA,Alaska,AL05 - Juneau (JNU),,,No,
"Tok Air Service, LLC",Z8KC,Alaska,AL01 - Fairbanks (FAI),,,No,
"Trail Ridge Air, Inc",YGOA,Alaska,AL03 - Anchorage  (ANC),,,No,
TransNorthern LLC,TN8A,Alaska,AL03 - Anchorage  (ANC),,,No,
Trinity Air INC,91TA,Alaska,AL01 - Fairbanks (FAI),,,No,
ULTIMA THULE AIR LLC,XUOA,Alaska,AL03 - Anchorage  (ANC),,,No,
URSUS AIR LLC,3URC,Alaska,AL03 - Anchorage  (ANC),,,No,
"V2 Aviation, LLC",1V2C,Alaska,AL05 - Juneau (JNU),,,No,
VALLEY AVIATION LLC,4VLA,Alaska,AL03 - Anchorage  (ANC),,,No,
"VANDERPOOL, SR., ROBERT W",V5PC,Alaska,AL03 - Anchorage  (ANC),,,No,
"VANDEVENTER, MATTHEW S",V9VC,Alaska,AL03 - Anchorage  (ANC),,,No,
VERTICAL SOLUTIONS LLC,3VSA,Alaska,AL03 - Anchorage  (ANC),,,No,
VIKING AIR LLC,3VKC,Alaska,AL03 - Anchorage  (ANC),,,No,
"Valkenburg, Patrick",W68C,Alaska,AL01 - Fairbanks (FAI),,,No,
"Venture Travel, LLC",TQ0A,Alaska,AL05 - Juneau (JNU),,,No,
"Vertigo, LLC",3VGA,Alaska,AL05 - Juneau (JNU),,,No,
WIEDERKEHR AIR INC,EMKC,Alaska,AL03 - Anchorage  (ANC),,,No,
WING AND A PRAYER AVIATION INC,WUYA,Alaska,AL01 - Fairbanks (FAI),,,No,
WOLF MOUNTAIN AVIATION LLC,8WMA,Alaska,AL03 - Anchorage  (ANC),,,No,
WRANGELL MOUNTAIN AIR INC,WM9C,Alaska,AL03 - Anchorage  (ANC),,,No,
"Warbelows Air Ventures, Inc.",WVBA,Alaska,AL01 - Fairbanks (FAI),,,No,
"Ward Air, Inc",HXRA,Alaska,AL05 - Juneau (JNU),,,No,
"Wild Blue Air, LLC",3WBA,Alaska,AL05 - Juneau (JNU),,,No,
Willow Creek Aviation,EMVC,Alaska,AL03 - Anchorage  (ANC),,,No,
"Wing, Robert E.",W4GC,Alaska,AL01 - Fairbanks (FAI),,,No,
Wings Airways LLC,KJLA,Alaska,AL05 - Juneau (JNU),,,No,
Womack Aviation LLC,W3AC,Alaska,AL03 - Anchorage  (ANC),,,No,
"Wright Air Service, Inc.",HYTA,Alaska,AL01 - Fairbanks (FAI),,,No,
YUKON HELICOPTERS INC,YUKC,Alaska,AL03 - Anchorage  (ANC),,,No,
YUTE AIR TAXI INC.,YUEC,Alaska,AL01 - Fairbanks (FAI),,,No,
"Yukon Air Service, Inc.",LGCA,Alaska,AL01 - Fairbanks (FAI),,,No,
AIRRESOURCE CHARTER LLC,3A1A,Arkansas,SW11 - Little Rock (LIT),,,No,
ARH Aviation LLC,8HKA,Arkansas,SW11 - Little Rock (LIT),,,No,
ARKANSAS CHILDRENS HOSPITAL,Z1RA,Arkansas,SW11 - Little Rock (LIT),,,No,
Aerial Patrol Incorporated,VNLA,Arkansas,SW11 - Little Rock (LIT),,,No,
"Airborne Flying Service, Inc.",PQGA,Arkansas,SW11 - Little Rock (LIT),,,No,
CREAMER PILOT SERVICES LLC,8P1A,Arkansas,SW11 - Little Rock (LIT),,,No,
"Central Flying Service, Inc.",HBKA,Arkansas,SW11 - Little Rock (LIT),,,No,
"Crown Aviation, Inc.",QCWA,Arkansas,SW11 - Little Rock (LIT),,,No,
"EDS FLIGHT COMPANY, INC.",EWFA,Arkansas,SW11 - Little Rock (LIT),,,No,
"EXECUTIVE AVIATION SERVICES Mgmt, LLC",EV4A,Arkansas,SW11 - Little Rock (LIT),,,No,
FLY ARKANSAS LLC,2FRA,Arkansas,SW11 - Little Rock (LIT),,,No,
"Finkbeiner, Chris",HCHA,Arkansas,SW11 - Little Rock (LIT),,,No,
GARRISON AIR LLC,64RA,Arkansas,SW11 - Little Rock (LIT),,,No,
"McNeely Charter Service, Inc.",MCCA,Arkansas,SW11 - Little Rock (LIT),,,No,
"Mike Moser, Inc.",HBSA,Arkansas,SW11 - Little Rock (LIT),,,No,
Physicians Air Transport LLC,Y2HA,Arkansas,SW11 - Little Rock (LIT),,,No,
Summit Aviation LLC,704A,Arkansas,SW11 - Little Rock (LIT),,,No,
Survival Flight Services LLC,7ALA,Arkansas,SW11 - Little Rock (LIT),,,No,
VIKING AVIATION LLC,2VKA,Arkansas,SW11 - Little Rock (LIT),,,No,
26 NORTH AVIATION INC,26NA,Delaware,EA05 - Allentown (ABE),,,No,
"ACE PILOT TRAINING, INC.",GU7A,Delaware,EA05 - Allentown (ABE),,,No,
ANALAR CO,CZIA,Delaware,EA05 - Allentown (ABE),,,No,
"AccessAir Charters and Management, LLC.",O57A,Delaware,EA07 - Baltimore (BWI),,,No,
"Bay Land Aviation, Inc.",BVPA,Delaware,EA07 - Baltimore (BWI),,,No,
CHARM CITY AVIATION LLC,3YCA,Delaware,EA07 - Baltimore (BWI),,,No,
CONTRAIL INC,ON2A,Delaware,EA05 - Allentown (ABE),,,No,
DUMONT AIRCRAFT CHARTER LLC,4DUA,Delaware,EA05 - Allentown (ABE),,,No,
EASTON AVIATION LLC,RDBA,Delaware,EA07 - Baltimore (BWI),,,No,
ELEVATE JET LLC,3LJA,Delaware,EA05 - Allentown (ABE),,,No,
EXECUTIVE FLIGHT SOLUTIONS LLC,U81A,Delaware,EA07 - Baltimore (BWI),,,No,
East Coast Flight Services Inc.,EFVA,Delaware,EA07 - Baltimore (BWI),,,No,
"East Coast Jets, Inc",CDNA,Delaware,EA05 - Allentown (ABE),,,No,
Eastern West Virginia Regional Airport Authority,A85A,Delaware,EA07 - Baltimore (BWI),,,No,
Hi-Way Helicopter,2H2A,Delaware,EA05 - Allentown (ABE),,,No,
JET-A LLC,XQJA,Delaware,EA05 - Allentown (ABE),,,No,
K AND R AVIATION LLC,7KRA,Delaware,EA07 - Baltimore (BWI),,,No,
LIBERTY JET MANAGEMENT CORPORATION,LDJA,Delaware,EA05 - Allentown (ABE),,,No,
LR SERVICES INC,CERA,Delaware,EA05 - Allentown (ABE),,,No,
"Leading Edge Aviation, Inc.",LE7A,Delaware,EA05 - Allentown (ABE),,,No,
MOYER AVIATION INC,CDHA,Delaware,EA05 - Allentown (ABE),,,No,
NAVY ANNAPOLIS FLIGHT CENTER,NYGA,Delaware,EA07 - Baltimore (BWI),,,No,
"NEW WORLD AVIATION, INC.",N38A,Delaware,EA05 - Allentown (ABE),,,No,
OCEAN AVIATION INC,1FHA,Delaware,EA07 - Baltimore (BWI),,,No,
"PLATINUM HELICOPTERS, LLC.",9DPA,Delaware,EA05 - Allentown (ABE),,,No,
PUBLIC CHARTERS INC,5JGA,Delaware,EA05 - Allentown (ABE),,,No,
"Peregrine Air Charters, LLC",CKGA,Delaware,EA05 - Allentown (ABE),,,No,
QUEST DIAGNOSTICS INC,Q5QA,Delaware,EA05 - Allentown (ABE),,,No,
RBW ENTERPRISES INC,6RWA,Delaware,EA05 - Allentown (ABE),,,No,
"SCOTT RICHARD AVIATION SERVICES, INC.",S6DA,Delaware,EA05 - Allentown (ABE),,,No,
SKY RIVER HELICOPTERS LLC,5SKA,Delaware,EA05 - Allentown (ABE),,,No,
SKYTECH TRAVEL LLC,4S1A,Delaware,EA07 - Baltimore (BWI),,,No,
SOMERSET AIR SERVICE INC,CECA,Delaware,EA05 - Allentown (ABE),,,No,
Skylink Jets Inc.,YK7A,Delaware,EA05 - Allentown (ABE),,,No,
TIM J. KEPP LLC,5KTA,Delaware,EA05 - Allentown (ABE),,,No,
"TRIDENT AIRCRAFT, INC",1TBA,Delaware,EA07 - Baltimore (BWI),,,No,
TRITON AIRWAYS LLC,5TNA,Delaware,EA05 - Allentown (ABE),,,No,
"TRUE AVIATION CHARTER SERVICES, LLC",5TRA,Delaware,EA05 - Allentown (ABE),,,No,
TUCKAMORE AVIATION CORPORATION,2TKA,Delaware,EA05 - Allentown (ABE),,,No,
"USAC AIRWAYS 693, LLC",4USA,Delaware,EA05 - Allentown (ABE),,,No,
USAC AIRWAYS 695 LLC,5U5A,Delaware,EA05 - Allentown (ABE),,,No,
USAC AIRWAYS 696 LLC,USRA,Delaware,EA05 - Allentown (ABE),,,No,
"USAC Airways 691, LLC",J6BA,Delaware,EA05 - Allentown (ABE),,,No,
VERTIVUE LLC,1VEA,Delaware,EA05 - Allentown (ABE),,,No,
"Whirlwind Aviation, Inc.",W7VA,Delaware,EA07 - Baltimore (BWI),,,No,
"Arnold Aviation and Thunder Mountain Express, Inc.",REAA,Idaho,NM11 - Boise (BOI ),,,No,
"Aviation Specialties Unlimited, Inc.",UABA,Idaho,NM11 - Boise (BOI ),,,No,
BASE CAMP AVIATION LLC,BCAA,Idaho,NM11 - Boise (BOI ),,,No,
CENTRAL IDAHO AVIATION,71CA,Idaho,NM11 - Boise (BOI ),,,No,
"Conyan Aviation, Inc.",GBBA,Idaho,NM11 - Boise (BOI ),,,No,
ELKHORN AVIATION INC,K2ZA,Idaho,NM11 - Boise (BOI ),,,No,
"Eagle Helicopters, Inc.",HEAA,Idaho,NM11 - Boise (BOI ),,,No,
G and S Aviation,G0CA,Idaho,NM11 - Boise (BOI ),,,No,
"Gem Air, LLC",GAJA,Idaho,NM11 - Boise (BOI ),,,No,
Heli-Jet Corp,GDMA,Idaho,NM11 - Boise (BOI ),,,No,
Helicopter Roundup Services LLC,O8UA,Idaho,NM11 - Boise (BOI ),,,No,
"Idaho Helicopters, Inc.",GAKA,Idaho,NM11 - Boise (BOI ),,,No,
JETSTREAM AVIATION INC,J38A,Idaho,NM11 - Boise (BOI ),,,No,
LIFE FLIGHT NETWORK LLC,8LFA,Idaho,NM11 - Boise (BOI ),,,No,
"LONGHORN AVIATION, LLC",KNIA,Idaho,NM11 - Boise (BOI ),,,No,
"McCall Aviation, Inc.",M2LA,Idaho,NM11 - Boise (BOI ),,,No,
"Middle Fork Aviation, Inc.",MKTA,Idaho,NM11 - Boise (BOI ),,,No,
"Owyhee Air Research, LLC.",OEYA,Idaho,NM11 - Boise (BOI ),,,No,
PRECISION AVIATION INC,POXA,Idaho,NM11 - Boise (BOI ),,,No,
"Reeder Flying Service, Inc.",FZPA,Idaho,NM11 - Boise (BOI ),,,No,
SALMON RIVER HELICOPTERS INC,SR9A,Idaho,NM11 - Boise (BOI ),,,No,
SAWTOOTH FLYING SERVICE INC,2MDA,Idaho,NM11 - Boise (BOI ),,,No,
SP Air Corporation,SQPA,Idaho,NM11 - Boise (BOI ),,,No,
"Silverhawk Aviation Academy, LLC",SILA,Idaho,NM11 - Boise (BOI ),,,No,
"Spence, Joseph H.",SHCA,Idaho,NM11 - Boise (BOI ),,,No,
Spur Aviation Services LC,V8ZA,Idaho,NM11 - Boise (BOI ),,,No,
"TURBO AIR CHARTER, LLC",FZRA,Idaho,NM11 - Boise (BOI ),,,No,
"Transportation Systems, Inc.",QTVA,Idaho,NM11 - Boise (BOI ),,,No,
"Western Aircraft, Inc.",WUXA,Idaho,NM11 - Boise (BOI ),,,No,
B & F AVIATION INC,2BZA,Indiana,GL11 - Indianapolis (IND),,,No,
"Executive Aero Charter Management, LLC",J1AA,Indiana,GL11 - Indianapolis (IND),,,No,
FEDAIR LLC,4DXA,Indiana,GL11 - Indianapolis (IND),,,No,
"First Wing Management, LLC",F27A,Indiana,GL11 - Indianapolis (IND),,,No,
Great River Aviation LLC,UZCA,Indiana,GL11 - Indianapolis (IND),,,No,
"MILLER AVIATION, LLC",MLJA,Indiana,GL11 - Indianapolis (IND),,,No,
SWEET AVIATION LLC,4SWA,Indiana,GL11 - Indianapolis (IND),,,No,
"Solutions Air Charter, LLC",11SA,Indiana,GL11 - Indianapolis (IND),,,No,
TOM WOOD AVIATION INC,1TWA,Indiana,GL11 - Indianapolis (IND),,,No,
"Air Exec, Inc.",CSSA,Iowa,CE01 - Des Moines (DSM),,,No,
"AirFlair, Inc",CQXA,Iowa,CE01 - Des Moines (DSM),,,No,
CLASSIC AVIATION INC,Z5VA,Iowa,CE01 - Des Moines (DSM),,,No,
"Carroll Aviation, Inc.",S6AA,Iowa,CE01 - Des Moines (DSM),,,No,
"Carver Aero, LLC",XRRA,Iowa,CE01 - Des Moines (DSM),,,No,
"Charles City Aeronautics, Inc.",CQVA,Iowa,CE01 - Des Moines (DSM),,,No,
Flight Program Operations,RU3A,Iowa,CE01 - Des Moines (DSM),,,No,
"Haps Air Service, Inc.",CRJA,Iowa,CE01 - Des Moines (DSM),,,No,
IOWA COPTERS LLC,1ICA,Iowa,CE01 - Des Moines (DSM),,,No,
JET THERE LLC,1KJA,Iowa,CE01 - Des Moines (DSM),,,No,
"Midland Aircraft Sales and Services, Inc.",IYMA,Iowa,CE01 - Des Moines (DSM),,,No,
"Midwest Flying Service, Inc.",UQMA,Iowa,CE01 - Des Moines (DSM),,,No,
"Mobile Crane Services, Inc.",CYVA,Iowa,CE01 - Des Moines (DSM),,,No,
P and N Corp,PNOA,Iowa,CE01 - Des Moines (DSM),,,No,
Storm Flying Service Inc,CYQA,Iowa,CE01 - Des Moines (DSM),,,No,
WEISER AVIATION,1WSA,Iowa,CE01 - Des Moines (DSM),,,No,
Air MD L.L.C.,YEWA,Kansas,CE07 - Wichita (ICT),,,No,
"Clemens Aviation, LLC",7OKA,Kansas,CE07 - Wichita (ICT),,,No,
Crotts Aircraft Service Inc,CXUA,Kansas,CE07 - Wichita (ICT),,,No,
"Dawnwolf Technologies, Inc.",7DTA,Kansas,CE07 - Wichita (ICT),,,No,
"EagleMed, LLC",7EMA,Kansas,CE07 - Wichita (ICT),,,No,
"Executive Flight Services, LLC",E07A,Kansas,CE07 - Wichita (ICT),,,No,
"Hetrick Air Services, Inc.",VKDA,Kansas,CE07 - Wichita (ICT),,,No,
Lee Aero LLC,YLIA,Kansas,CE07 - Wichita (ICT),,,No,
Lyddon Aero Center Inc,LQYA,Kansas,CE07 - Wichita (ICT),,,No,
Schreib-Air Inc,S31A,Kansas,CE07 - Wichita (ICT),,,No,
Textron Aviation Inc.,CNQA,Kansas,CE07 - Wichita (ICT),,,No,
"Wells Aircraft, Inc",NT2A,Kansas,CE07 - Wichita (ICT),,,No,
"Central American Airways Flying Service, Inc.",AZWA,Kentucky,CE17 - Louisville (LOU),,,No,
"Crew Aviation, LLC",XH7A,Kentucky,CE17 - Louisville (LOU),,,No,
"Don Davis Aviation, Inc.",FGBA,Kentucky,CE17 - Louisville (LOU),,,No,
"FliteAccess, LLC.",7LCA,Kentucky,CE17 - Louisville (LOU),,,No,
Kentucky Airmotive Inc.,KKIA,Kentucky,CE17 - Louisville (LOU),,,No,
"MidAmericaJet, Inc.",FGQA,Kentucky,CE17 - Louisville (LOU),,,No,
"NexGen Aviation, LLC",3NXA,Kentucky,CE17 - Louisville (LOU),,,No,
PrivateFlite Aviation LLC,3PVA,Kentucky,CE17 - Louisville (LOU),,,No,
"Red River Ranch, LLC",6RRA,Kentucky,CE17 - Louisville (LOU),,,No,
ACADIAN WEST AIR CHARTERS INC,1N1A,Louisiana,SW03 - Baton Rouge (BTR),,,No,
"AIR MED SERVICES, LLC",XMEA,Louisiana,SW03 - Baton Rouge (BTR),,,No,
AIRONE HELICOPTERS LLC,6R1A,Louisiana,SW03 - Baton Rouge (BTR),,,No,
AVIATION SPECIALISTS INC,6VIA,Louisiana,SW03 - Baton Rouge (BTR),,,No,
"Air Reldan, Inc.",HEBA,Louisiana,SW03 - Baton Rouge (BTR),,,No,
"BTR Air Charter & Management, Inc.",GOWA,Louisiana,SW03 - Baton Rouge (BTR),,,No,
"BUTLER AVIATION, INC",YBBA,Louisiana,SW03 - Baton Rouge (BTR),,,No,
Bristow U.S. LLC,ALGA,Louisiana,SW03 - Baton Rouge (BTR),,,No,
CAJUN AIR LLC,6JNA,Louisiana,SW03 - Baton Rouge (BTR),,,No,
"CHEM-AIR, LLC",GOXA,Louisiana,SW03 - Baton Rouge (BTR),,,No,
"Era Helicopters, LLC",U0GA,Louisiana,SW03 - Baton Rouge (BTR),,,No,
"FLIGHTLINE FIRST, LLC",3FFA,Louisiana,SW03 - Baton Rouge (BTR),,,No,
GULF COAST AVIATION CHARTER LLC,U3XA,Louisiana,SW03 - Baton Rouge (BTR),,,No,
JAZZ AVIATION LLC,3JZA,Louisiana,SW03 - Baton Rouge (BTR),,,No,
JPS AVIATION LLC,3MIA,Louisiana,SW03 - Baton Rouge (BTR),,,No,
"MAYEUX'S FLYING SERVICE, LLC",KEVA,Louisiana,SW03 - Baton Rouge (BTR),,,No,
"METRO AVIATION, INC",HDNA,Louisiana,SW03 - Baton Rouge (BTR),,,No,
PANTHER HELICOPTERS INC,PBVA,Louisiana,SW03 - Baton Rouge (BTR),,,No,
"PHI Aviation, LLC",HEEA,Louisiana,SW03 - Baton Rouge (BTR),,,No,
"ROTORCRAFT LEASING COMPANY, L.L.C.",YTRA,Louisiana,SW03 - Baton Rouge (BTR),,,No,
"Ruston Aviation, Inc.",UGIA,Louisiana,SW03 - Baton Rouge (BTR),,,No,
SOUTHERN HELICOPTERS INC,HDCA,Louisiana,SW03 - Baton Rouge (BTR),,,No,
"SOUTHERN SEAPLANE, INC.",SSCA,Louisiana,SW03 - Baton Rouge (BTR),,,No,
T AND M AVIATION INC,W7OA,Louisiana,SW03 - Baton Rouge (BTR),,,No,
"Tubreaux Aviation Services, LLC",11FA,Louisiana,SW03 - Baton Rouge (BTR),,,No,
ZEPP AIR INC,Z6ZA,Louisiana,SW03 - Baton Rouge (BTR),,,No,
ACADIAN SEAPLANES LLC,6KDA,Maine,EA65 - Portland (PWM),,,No,
"AIR NEW ENGLAND, LLC.",5NEA,Maine,EA65 - Portland (PWM),,,No,
Air Direct Airways,DIPA,Maine,EA65 - Portland (PWM),,,No,
CARRIER AIRWAYS LLC,6CIA,Maine,EA65 - Portland (PWM),,,No,
CURRIERS FLYING SERVICE INC,FTTA,Maine,EA65 - Portland (PWM),,,No,
"Cobalt Air, LLC",6CBA,Maine,EA65 - Portland (PWM),,,No,
DAE AVIATION ENTERPRISES CORP,E46A,Maine,EA65 - Portland (PWM),,,No,
"Delta Jet, Ltd.",FUUA,Maine,EA65 - Portland (PWM),,,No,
FLETCHER MOUNTAIN AVIATION LLC,6FMA,Maine,EA65 - Portland (PWM),,,No,
JACKS AIR SERVICE INC,FSNA,Maine,EA65 - Portland (PWM),,,No,
JAMES W. STRANG,NXYA,Maine,EA65 - Portland (PWM),,,No,
JOE BRIGHAM INC,FTYA,Maine,EA65 - Portland (PWM),,,No,
"Jet Airways, Inc.",JKXA,Maine,EA65 - Portland (PWM),,,No,
LIBBY PINNACLE AIR,6LPA,Maine,EA65 - Portland (PWM),,,No,
MAINE AVIATION AIRCRAFT CHARTER LLC,FSEA,Maine,EA65 - Portland (PWM),,,No,
MAINE HELICOPTERS INC,ZIFA,Maine,EA65 - Portland (PWM),,,No,
MAINE INSTRUMENT FLIGHT,BFYA,Maine,EA65 - Portland (PWM),,,No,
NEW ENGLAND AIR TRANSPORT INC,N47A,Maine,EA65 - Portland (PWM),,,No,
NEW ENGLAND LIFE FLIGHT INC,6BMA,Maine,EA65 - Portland (PWM),,,No,
OIA AIR CORP,OIBA,Maine,EA65 - Portland (PWM),,,No,
SILVER RANCH AIRPARK INC,FTDA,Maine,EA65 - Portland (PWM),,,No,
"Seacoast Helicopters, LLC",6S4A,Maine,EA65 - Portland (PWM),,,No,
"Sharkey's Helicopters, Inc.",FSPA,Maine,EA65 - Portland (PWM),,,No,
THE BRADFORD CAMPS CORPORATION,8BCA,Maine,EA65 - Portland (PWM),,,No,
"Waters Aero-Marine, Inc.",O59A,Maine,EA65 - Portland (PWM),,,No,
"Wiggins Airways, Inc.",AXSA,Maine,EA65 - Portland (PWM),,,No,
AERO QUEST LLC,4U8A,Mississippi,SW31 - Jackson (JAN),,,No,
CHEVRON USA PRODUCTION COMPANY,AC2A,Mississippi,SW31 - Jackson (JAN),,,No,
DRAKE'S LANDING INC,3D1A,Mississippi,SW31 - Jackson (JAN),,,No,
"JACKSON AIR CHARTER, INC",JC9A,Mississippi,SW31 - Jackson (JAN),,,No,
MERCURY AVIATION INC,M2QA,Mississippi,SW31 - Jackson (JAN),,,No,
"Mississippi Air Express, LLC",4MCA,Mississippi,SW31 - Jackson (JAN),,,No,
"NICHOLAS SERVICES, LLC",4NSA,Mississippi,SW31 - Jackson (JAN),,,No,
TENAX AIR SERVICES LLC,7NXA,Mississippi,SW31 - Jackson (JAN),,,No,
"ATD Flight Systems, LLC",Z1YA,Missouri,CE05 - Kansas City (MCI),,,No,
AXIOM AVIATION GROUP LLC,6XMA,Missouri,CE05 - Kansas City (MCI),,,No,
Aero Charter Inc.,DGCA,Missouri,CE03 - St. Louis (STL),,,No,
"Air Associates Charter, Inc.",ZE5A,Missouri,CE05 - Kansas City (MCI),,,No,
"Air Evac EMS, Inc.",EVCA,Missouri,CE03 - St. Louis (STL),,,No,
"Air Ozark, LLC",QZ0A,Missouri,CE05 - Kansas City (MCI),,,No,
American Air Charter Inc.,UUKA,Missouri,CE03 - St. Louis (STL),,,No,
"Aviation Enterprises, Inc.",VE6A,Missouri,CE05 - Kansas City (MCI),,,No,
"Baron Aviation Services, Inc.",DEMA,Missouri,CE03 - St. Louis (STL),,,No,
"Burgess Aircraft Management, LLC",5BMA,Missouri,CE05 - Kansas City (MCI),,,No,
"Central Air Southwest, Inc.",ZJWA,Missouri,CE05 - Kansas City (MCI),,,No,
Corporate Aircraft Management Inc.,UVCA,Missouri,CE03 - St. Louis (STL),,,No,
"D H Helicopter, Inc.",DEJA,Missouri,CE03 - St. Louis (STL),,,No,
"D and D Aviation, Inc.",DOZA,Missouri,CE05 - Kansas City (MCI),,,No,
"Davis Aviation, Inc.",D03A,Missouri,CE05 - Kansas City (MCI),,,No,
FLIGHT LEVEL SERVICES LLC,FL1A,Missouri,CE05 - Kansas City (MCI),,,No,
GATEWAY AVIATION MANAGEMENT INC,3G3A,Missouri,CE03 - St. Louis (STL),,,No,
"Heartland Helicopters, LLC",8HNA,Missouri,CE05 - Kansas City (MCI),,,No,
Helicopters Inc.,DDZA,Missouri,CE03 - St. Louis (STL),,,No,
Inflight Corporation,I0LA,Missouri,CE03 - St. Louis (STL),,,No,
"Kansas City Aviation Center, Inc.",AMYA,Missouri,CE05 - Kansas City (MCI),,,No,
"Lake Ozark Helicopters, Inc.",1OHA,Missouri,CE05 - Kansas City (MCI),,,No,
Multi-Aero Inc.,MUIA,Missouri,CE03 - St. Louis (STL),,,No,
R.L.S. Rental Company,AKCA,Missouri,CE05 - Kansas City (MCI),,,No,
"SpiritJets, LLC.",3SRA,Missouri,CE03 - St. Louis (STL),,,No,
"Springfield Aircraft Charter and Sales, Inc.",ISPA,Missouri,CE05 - Kansas City (MCI),,,No,
St Charles Flying Service Inc.,DFJA,Missouri,CE03 - St. Louis (STL),,,No,
A.L.E.R.T. Kalispell Regional Medical Center Inc.,CXVA,Montana,NM05 - Helena (HLN),,,No,
"AV8-ORR-HELICOPTER SERVICES, INC.",8AOA,Montana,NM05 - Helena (HLN),,,No,
"Backcountry Flying Experience, Inc.",EFSA,Montana,NM05 - Helena (HLN),,,No,
"Billings Flying Service, Inc.",B15A,Montana,NM05 - Helena (HLN),,,No,
Bridger Aerospace,4GIA,Montana,NM05 - Helena (HLN),,,No,
"CHOICE AVIATION, LLC",VPEA,Montana,NM05 - Helena (HLN),,,No,
Carisch Helicopters Inc,YIKA,Montana,NM05 - Helena (HLN),,,No,
Central Copters Inc,JOLA,Montana,NM05 - Helena (HLN),,,No,
Corporate Air,HSYA,Montana,NM05 - Helena (HLN),,,No,
Exec Air Montana Inc.,EFUA,Montana,NM05 - Helena (HLN),,,No,
Galt Ranch Aviation LLC,G04A,Montana,NM05 - Helena (HLN),,,No,
Glacier Aviation Services Inc,GV5A,Montana,NM05 - Helena (HLN),,,No,
"HELICOPTER SOLUTIONS MT, INC",14SA,Montana,NM05 - Helena (HLN),,,No,
"Hanson, Shirley A",P18A,Montana,NM05 - Helena (HLN),,,No,
"Hogan, William T",H0NA,Montana,NM05 - Helena (HLN),,,No,
"Holman Enterprises, INC.",5GJA,Montana,NM05 - Helena (HLN),,,No,
"Homestead Helicopters, Inc.",H1OA,Montana,NM05 - Helena (HLN),,,No,
Leading Edge Aviation Services Inc,LXGA,Montana,NM05 - Helena (HLN),,,No,
LonAire Flying Service Inc,L15A,Montana,NM05 - Helena (HLN),,,No,
Lynch Flying Service Inc,HSRA,Montana,NM05 - Helena (HLN),,,No,
Minuteman Aviation Inc,MINA,Montana,NM05 - Helena (HLN),,,No,
"Mission Mountain Flying Services, LLC",Y4FA,Montana,NM05 - Helena (HLN),,,No,
Mission Mountain Helicopters LLC,3MMA,Montana,NM05 - Helena (HLN),,,No,
"Montana Aircraft, Inc.",MN9A,Montana,NM05 - Helena (HLN),,,No,
"NORTHERN WINGS AVIATION, LLC",5NWA,Montana,NM05 - Helena (HLN),,,No,
Neptune Aviation Services Inc,NI6A,Montana,NM05 - Helena (HLN),,,No,
Northeast Montana Stat Air Ambulance Cooperative,FMMA,Montana,NM05 - Helena (HLN),,,No,
"O'Connor, Dallas",HSXA,Montana,NM05 - Helena (HLN),,,No,
"RB Aviation, LLC",J26A,Montana,NM05 - Helena (HLN),,,No,
RIDGELINE AVIATION INC,5IDA,Montana,NM05 - Helena (HLN),,,No,
"Red Eagle Aviation, Inc.",IKLA,Montana,NM05 - Helena (HLN),,,No,
"Richland Aviation, Inc.",HTKA,Montana,NM05 - Helena (HLN),,,No,
Rocky Mountain Rotors,5RMA,Montana,NM05 - Helena (HLN),,,No,
Skyline Aviation LLC,5KSA,Montana,NM05 - Helena (HLN),,,No,
"Summit Aviation, Inc.",5SUA,Montana,NM05 - Helena (HLN),,,No,
Taylor Aviation Inc,QTLA,Montana,NM05 - Helena (HLN),,,No,
"Western Montana Aviation, LLC",WM8A,Montana,NM05 - Helena (HLN),,,No,
Yellowstone Air Service Inc,HTLA,Montana,NM05 - Helena (HLN),,,No,
"Duncan Aviation, Inc.",JGVA,Nebraska,CE09 - Lincoln (LNK),,,No,
"Jet Linx Aviation, LLC",9JLA,Nebraska,CE09 - Lincoln (LNK),,,No,
"Kerr, William J.and Kilmer, Robert",AUDA,Nebraska,CE09 - Lincoln (LNK),,,No,
PREMIER AVIATION TRAINING AND MANAGEMENT LLC,9KEA,Nebraska,CE09 - Lincoln (LNK),,,No,
"Silverhawk Aviation, Inc.",YQSA,Nebraska,CE09 - Lincoln (LNK),,,No,
"Suburban Air Freight, Inc.",JDWA,Nebraska,CE09 - Lincoln (LNK),,,No,
"Trego/Dugan Aviation, Inc.",HVJA,Nebraska,CE09 - Lincoln (LNK),,,No,
UltraAir LLC,U9LA,Nebraska,CE09 - Lincoln (LNK),,,No,
ABOVE THE HUB LLC,8HUA,New Hampshire,EA61 - Boston (BOS),,,No,
AERO CHARTER NEW ENGLAND,3N3A,New Hampshire,EA61 - Boston (BOS),,,No,
"Air Newport,  LLC",N28A,New Hampshire,EA61 - Boston (BOS),,,No,
"AirDialog, LLC",L41A,New Hampshire,EA61 - Boston (BOS),,,No,
"BIRDS EYE VIEW HELICOPTERS, LLC",8BVA,New Hampshire,EA61 - Boston (BOS),,,No,
BOSTON EXECUTIVE HELICOPTERS,6BEA,New Hampshire,EA61 - Boston (BOS),,,No,
CAPE CLEAR L L C,L7LA,New Hampshire,EA61 - Boston (BOS),,,No,
CORNERSTONE AVIATION LLC,6SKA,New Hampshire,EA61 - Boston (BOS),,,No,
GREAT POINT AIR CHARTER LLC,6GPA,New Hampshire,EA61 - Boston (BOS),,,No,
HTX HELICOPTERS LLC,2HXA,New Hampshire,EA61 - Boston (BOS),,,No,
Harvard Air Taxi LLC,6MIA,New Hampshire,EA61 - Boston (BOS),,,No,
Hyannis Air Service Inc.,HYIA,New Hampshire,EA61 - Boston (BOS),,,No,
"Kestrel Aviation, Inc",K0SA,New Hampshire,EA61 - Boston (BOS),,,No,
"New England Airlines, Inc",NEAA,New Hampshire,EA61 - Boston (BOS),,,No,
PILGRIM AIR TRANS LLC,6PIA,New Hampshire,EA61 - Boston (BOS),,,No,
"PRO AIRWAYS, LLC",ZKFA,New Hampshire,EA61 - Boston (BOS),,,No,
"RLV Industries, Inc",R5VA,New Hampshire,EA61 - Boston (BOS),,,No,
Shoreline Aviation Inc,FRIA,New Hampshire,EA61 - Boston (BOS),,,No,
SpectaculAir LLC,9S5A,New Hampshire,EA61 - Boston (BOS),,,No,
AERIAL SOLUTIONS II LLC,5V4A,New Mexico,SW01 - Albuquerque (ABQ),,,No,
ATI Jet Inc.,G41A,New Mexico,SW01 - Albuquerque (ABQ),,,No,
AVIATION FIRST LLC,8VSA,New Mexico,SW01 - Albuquerque (ABQ),,,No,
"Adams, Bruce M",GNVA,New Mexico,SW01 - Albuquerque (ABQ),,,No,
"Aero Charter and Transport, Inc.",N3BA,New Mexico,SW01 - Albuquerque (ABQ),,,No,
"Akroyd, Robert F. Jr.",DJ0A,New Mexico,SW01 - Albuquerque (ABQ),,,No,
BIOTECH AVIATION LLC,8BOA,New Mexico,SW01 - Albuquerque (ABQ),,,No,
Blue Sky Enterprises LLC,UQYA,New Mexico,SW01 - Albuquerque (ABQ),,,No,
"Bode Aviation, Inc.",J7BA,New Mexico,SW01 - Albuquerque (ABQ),,,No,
CRITICAL AIR RESPONSE ENTERPRISES LLC,QXQA,New Mexico,SW01 - Albuquerque (ABQ),,,No,
CSI Aviation Inc,GRTA,New Mexico,SW01 - Albuquerque (ABQ),,,No,
ELITE FLIGHT TRAVEL LLC,7EJA,New Mexico,SW01 - Albuquerque (ABQ),,,No,
"ELITE MEDICAL AIR TRANSPORT, LLC",1EMA,New Mexico,SW01 - Albuquerque (ABQ),,,No,
"Ed's Flying Service, Inc.",GRXA,New Mexico,SW01 - Albuquerque (ABQ),,,No,
MARJET INC,M4KA,New Mexico,SW01 - Albuquerque (ABQ),,,No,
"Med Flight Air Ambulance, Inc.",MFUA,New Mexico,SW01 - Albuquerque (ABQ),,,No,
"Mountain Air Helicopters, Inc.",MHHA,New Mexico,SW01 - Albuquerque (ABQ),,,No,
Mountain Aviation Enterprises Ltd.,XMNA,New Mexico,SW01 - Albuquerque (ABQ),,,No,
"Nord Aviation, Inc.",NRDA,New Mexico,SW01 - Albuquerque (ABQ),,,No,
OREGON SUNSTONE AVIATION LLC,OQ9A,New Mexico,SW01 - Albuquerque (ABQ),,,No,
"South Aero, Inc.",GNBA,New Mexico,SW01 - Albuquerque (ABQ),,,No,
Supreme Air Cargo,BTZA,New Mexico,SW01 - Albuquerque (ABQ),,,No,
VERNON AVIATION LLC,1VRA,New Mexico,SW01 - Albuquerque (ABQ),,,No,
VERTICAL LIMIT AVIATION LLC,5VLA,New Mexico,SW01 - Albuquerque (ABQ),,,No,
ACP Jet Charters Inc.,1JCA,North Dakota,GL21 - Fargo (FAR),,,No,
"Aeolus Air Charter, Inc.",RHAA,North Dakota,GL21 - Fargo (FAR),,,No,
BUSINESS AIR INC,BQTA,North Dakota,GL21 - Fargo (FAR),,,No,
Bismarck Air Medical LLC,R6DA,North Dakota,GL21 - Fargo (FAR),,,No,
"Boutique Air, Inc.",2B5A,North Dakota,GL21 - Fargo (FAR),,,No,
DIAMOND HELICOPTERS LLC,65DA,North Dakota,GL21 - Fargo (FAR),,,No,
Executive Air Taxi Corporation,CTYA,North Dakota,GL21 - Fargo (FAR),,,No,
Fargo Jet Center LLC,CTUA,North Dakota,GL21 - Fargo (FAR),,,No,
GFK Flight Support Inc.,G7FA,North Dakota,GL21 - Fargo (FAR),,,No,
Hawaiian Globetrotter,7P4A,North Dakota,GL21 - Fargo (FAR),,,No,
KACHINA AIR INC,KCAA,North Dakota,GL21 - Fargo (FAR),,,No,
Kinert Aviation Inc.,KNEA,North Dakota,GL21 - Fargo (FAR),,,No,
Pacific Missionary Aviation,CVUA,North Dakota,GL21 - Fargo (FAR),,,No,
STAR MARIANAS AIR INC,1SMA,North Dakota,GL21 - Fargo (FAR),,,No,
SZABO AEROSPACE LLC,4SZA,North Dakota,GL21 - Fargo (FAR),,,No,
SkySkopes Inc.,2DMA,North Dakota,GL21 - Fargo (FAR),,,No,
"Western Edge Aviation, LLC",D9SA,North Dakota,GL21 - Fargo (FAR),,,No,
AIR BUSINESS LLC,WD6A,Ohio,GL05 - Cincinnati (CVG),,,No,
Air Z Flying Service Inc,ZFDA,Ohio,GL25 - Cleveland (CLE),,,No,
AirNet II LLC,2NEA,Ohio,GL07 - Columbus (CMH),,,No,
"Aitheras Aviation Group, LLC",K45A,Ohio,GL25 - Cleveland (CLE),,,No,
American Winds Inc.,AYKA,Ohio,GL25 - Cleveland (CLE),,,No,
"Blue Ash Charters, LLC.",O6WA,Ohio,GL05 - Cincinnati (CVG),,,No,
CLASSIC JET CENTER LLC,8CLA,Ohio,GL25 - Cleveland (CLE),,,No,
"Capital City Jet Center, Inc.",YMHA,Ohio,GL07 - Columbus (CMH),,,No,
"Castle Aviation, Inc.",CSJA,Ohio,GL25 - Cleveland (CLE),,,No,
"Corporate Wings, LLC",VJTA,Ohio,GL25 - Cleveland (CLE),,,No,
"Crow Executive Air, Inc.",DRUA,Ohio,GL25 - Cleveland (CLE),,,No,
EASTERN CINCINNATI AVIATION INC,VYTA,Ohio,GL05 - Cincinnati (CVG),,,No,
"Executive Jet Management, Inc.",CWQA,Ohio,GL05 - Cincinnati (CVG),,,No,
"Griffing Flying Service, Inc.",DSFA,Ohio,GL25 - Cleveland (CLE),,,No,
HANGAR ACQUISITION CORPORATION,Q5UA,Ohio,GL05 - Cincinnati (CVG),,,No,
ISLAND AIR TAXI LLC,7IXA,Ohio,GL25 - Cleveland (CLE),,,No,
ISLAND SEAS LLC,7ILA,Ohio,GL07 - Columbus (CMH),,,No,
Jet Air LLC,CWUA,Ohio,GL05 - Cincinnati (CVG),,,No,
"Jet Select, LLC",U5QA,Ohio,GL07 - Columbus (CMH),,,No,
Lane Aviation Corporation,DYCA,Ohio,GL07 - Columbus (CMH),,,No,
MERCY  HEALTH - LIFE  FLIGHT NETWORK  LLC,6MFA,Ohio,GL25 - Cleveland (CLE),,,No,
"Mad River Air, LLC",5COA,Ohio,GL05 - Cincinnati (CVG),,,No,
"Midwest Jet Management, LLC",YWJA,Ohio,GL05 - Cincinnati (CVG),,,No,
"NetJets Aviation, Inc.",DXTA,Ohio,GL07 - Columbus (CMH),,,No,
"NorthStar Business Aviation, LLC",N5QA,Ohio,GL25 - Cleveland (CLE),,,No,
Oak Air Ltd.,OV0A,Ohio,GL25 - Cleveland (CLE),,,No,
"OnFlight, Inc.",ON0A,Ohio,GL05 - Cincinnati (CVG),,,No,
PARATUS AIR INC,9HYA,Ohio,GL25 - Cleveland (CLE),,,No,
"Priority Air Charter, LLC",P91A,Ohio,GL25 - Cleveland (CLE),,,No,
Rite Flite Aviation Ltd,R6FA,Ohio,GL25 - Cleveland (CLE),,,No,
"SOIN INTERNATIONAL, LLC",5SNA,Ohio,GL05 - Cincinnati (CVG),,,No,
"Sayers, James B.",DXOA,Ohio,GL07 - Columbus (CMH),,,No,
"Sky Quest, LLC.",YQKA,Ohio,GL25 - Cleveland (CLE),,,No,
"Southeastern Ohio Air Service, Inc.",DXGA,Ohio,GL07 - Columbus (CMH),,,No,
"Stark Airways, LLC",ISYA,Ohio,GL25 - Cleveland (CLE),,,No,
Tiffin Aire Inc.,DTXA,Ohio,GL25 - Cleveland (CLE),,,No,
"Ultimate JETCHARTERS, LLC",DTHA,Ohio,GL25 - Cleveland (CLE),,,No,
VERTICAL ADVANTAGE HELICOPTERS LLC,V5QA,Ohio,GL05 - Cincinnati (CVG),,,No,
Wheels Up Private Jets LLC,CVGA,Ohio,GL05 - Cincinnati (CVG),,,No,
AIR 1ST AVIATION COMPANIES OF OKLAHOMA INC,OXKA,Oklahoma,SW15 - Oklahoma City (OKC),,,No,
"Air Flite, Inc.",IEEA,Oklahoma,SW15 - Oklahoma City (OKC),,,No,
"American Jet Charter, Inc.",TLSA,Oklahoma,SW15 - Oklahoma City (OKC),,,No,
Brazos Valley Air Charter LLC,BZYA,Oklahoma,SW15 - Oklahoma City (OKC),,,No,
"FLIGHT CONCEPTS, LLC.",F22A,Oklahoma,SW15 - Oklahoma City (OKC),,,No,
INTERSTATE HELICOPTERS INC,5IIA,Oklahoma,SW15 - Oklahoma City (OKC),,,No,
K & D AVIATION LLC,5KDA,Oklahoma,SW15 - Oklahoma City (OKC),,,No,
"Meta Special Aerospace Transportation, LLC.",1M5A,Oklahoma,SW15 - Oklahoma City (OKC),,,No,
OKLAHOMA AVIATION LLC,5OKA,Oklahoma,SW15 - Oklahoma City (OKC),,,No,
"OMNI AIR TRANSPORT, LLC",O2MA,Oklahoma,SW15 - Oklahoma City (OKC),,,No,
"PRIVATE JETS, INC.",OEJA,Oklahoma,SW15 - Oklahoma City (OKC),,,No,
RIVERSIDE CHARTER LLC,8RCA,Oklahoma,SW15 - Oklahoma City (OKC),,,No,
"TULSAIR BEECHCRAFT, INC.",HMGA,Oklahoma,SW15 - Oklahoma City (OKC),,,No,
United States Aviation Company,USNA,Oklahoma,SW15 - Oklahoma City (OKC),,,No,
AMAZON.COM SERVICES LLC,4MZA,Oregon,NM09 - Portland (PDX),,,No,
AVIATION HOLDINGS LLC,3A7A,Oregon,NM09 - Portland (PDX),,,No,
Aero Air LLC,O9IA,Oregon,NM09 - Portland (PDX),,,No,
"ApexHeli Oregon, Inc",5XPA,Oregon,NM09 - Portland (PDX),,,No,
"B.T.S.,  L.L.C.",Z9BA,Oregon,NM09 - Portland (PDX),,,No,
BACKCOUNTRY AVIATION INC,3BCA,Oregon,NM09 - Portland (PDX),,,No,
BEND AIR TAXI LLC,58AA,Oregon,NM09 - Portland (PDX),,,No,
"BRIM EQUIPMENT LEASING, LLC",BV0A,Oregon,NM09 - Portland (PDX),,,No,
Butler Aircraft Company,GCVA,Oregon,NM09 - Portland (PDX),,,No,
CROMAN CORP,JYEA,Oregon,NM09 - Portland (PDX),,,No,
"Columbia Helicopters,  Inc",CHIA,Oregon,NM09 - Portland (PDX),,,No,
"Erickson Helicopters, Inc.",9EKA,Oregon,NM09 - Portland (PDX),,,No,
"Erickson Transport, Inc.",8EKA,Oregon,NM09 - Portland (PDX),,,No,
"Global Aviation, Inc.",G73A,Oregon,NM09 - Portland (PDX),,,No,
Gorge Winds Aviation Inc,OBRA,Oregon,NM09 - Portland (PDX),,,No,
Henderson Aviation Co,GCMA,Oregon,NM09 - Portland (PDX),,,No,
"Hillsboro Aviation, Inc",LJEA,Oregon,NM09 - Portland (PDX),,,No,
"Honey B, LLC",V56A,Oregon,NM09 - Portland (PDX),,,No,
"Hunt, Donald D.",UHNA,Oregon,NM09 - Portland (PDX),,,No,
JERRY TRIMBLE HELICOPTERS INC,1J7A,Oregon,NM09 - Portland (PDX),,,No,
"JL AVIATION, INC",JL0A,Oregon,NM09 - Portland (PDX),,,No,
KONECT AVIATION OREGON LLC,K0ZA,Oregon,NM09 - Portland (PDX),,,No,
LEADING EDGE AVIATION INC,L9QA,Oregon,NM09 - Portland (PDX),,,No,
Mercy Flights Inc,GCSA,Oregon,NM09 - Portland (PDX),,,No,
Norton Aviation LLC,THNA,Oregon,NM09 - Portland (PDX),,,No,
ON EAGLES WINGS I LLC,9OEA,Oregon,NM09 - Portland (PDX),,,No,
OREGON HELICOPTERS LLC,5OHA,Oregon,NM09 - Portland (PDX),,,No,
"PacJet, Inc.",9PCA,Oregon,NM09 - Portland (PDX),,,No,
Peninsula Helicopter Inc.,2P6A,Oregon,NM09 - Portland (PDX),,,No,
Precision LLC,NKVA,Oregon,NM09 - Portland (PDX),,,No,
Premier Jets Inc,CMWA,Oregon,NM09 - Portland (PDX),,,No,
"S2ONE AIR, LLC",2SOA,Oregon,NM09 - Portland (PDX),,,No,
STATEWIDE CONTRACT SERVICES LLC,8SCA,Oregon,NM09 - Portland (PDX),,,No,
Skinner Aviation Inc,S1ZA,Oregon,NM09 - Portland (PDX),,,No,
SkyRoads Aviation,4RUA,Oregon,NM09 - Portland (PDX),,,No,
T SCOTT DUNN CONSTRUCTION INC,N9NA,Oregon,NM09 - Portland (PDX),,,No,
"Timberland Helicopters, Inc.",TLLA,Oregon,NM09 - Portland (PDX),,,No,
Valkyrie Air LLC,9EFA,Oregon,NM09 - Portland (PDX),,,No,
VanArsdale Air Service LLC,VNBA,Oregon,NM09 - Portland (PDX),,,No,
WILSON CONSTRUCTION COMPANY,W9OA,Oregon,NM09 - Portland (PDX),,,No,
Winco Inc,IZWA,Oregon,NM09 - Portland (PDX),,,No,
AIR TRANSPORT OF THE CAROLINAS LLC,3ATA,South Carolina,SO13 - West Columbia (CAE),,,No,
AUSTIN AVIATION INC,UY8A,South Carolina,SO13 - West Columbia (CAE),,,No,
"Air Charter Express, Inc.",X31A,South Carolina,SO13 - West Columbia (CAE),,,No,
Bankair Inc.,BKAA,South Carolina,SO13 - West Columbia (CAE),,,No,
CLEMSON AIR CHARTER LLC,CATA,South Carolina,SO13 - West Columbia (CAE),,,No,
COLUMBIA AVIATION INC,PD4A,South Carolina,SO13 - West Columbia (CAE),,,No,
"Centerra Group, LLC",W5SA,South Carolina,SO13 - West Columbia (CAE),,,No,
"Crosswind Aviation, LLC",CAVA,South Carolina,SO13 - West Columbia (CAE),,,No,
DavisAir Inc.,DV7A,South Carolina,SO13 - West Columbia (CAE),,,No,
"DoubleDay Aviation, Inc.",DDAA,South Carolina,SO13 - West Columbia (CAE),,,No,
EAST SHORE AVIATION LLC,3ESA,South Carolina,SO13 - West Columbia (CAE),,,No,
Eagle Aviation Inc.,FEHA,South Carolina,SO13 - West Columbia (CAE),,,No,
"Executive Helijet Charters, LLC",EH5A,South Carolina,SO13 - West Columbia (CAE),,,No,
"FENIX AIR CHARTER, LLC",4AZA,South Carolina,SO13 - West Columbia (CAE),,,No,
GF Air L L C,M20A,South Carolina,SO13 - West Columbia (CAE),,,No,
HANGAR TWELVE LLC,12HA,South Carolina,SO13 - West Columbia (CAE),,,No,
HELICOPTER SOLUTIONS INC,4HSA,South Carolina,SO13 - West Columbia (CAE),,,No,
Monument Air Works LLC,MELA,South Carolina,SO13 - West Columbia (CAE),,,No,
SKYS THE LIMIT INC,S2LA,South Carolina,SO13 - West Columbia (CAE),,,No,
Special Services Corporation,Z3SA,South Carolina,SO13 - West Columbia (CAE),,,No,
UNIVERSAL FLIGHT SERVICES INC,4UFA,South Carolina,SO13 - West Columbia (CAE),,,No,
"VISION AVIATION, LLC",7VIA,South Carolina,SO13 - West Columbia (CAE),,,No,
"Venture Aviation Group, LLC",VUGA,South Carolina,SO13 - West Columbia (CAE),,,No,
"ALANTE AIR CHARTER, LLC",71AA,South Dakota,GL27 - Rapid City (RAP),,,No,
AVERA MCKENNAN ,7AMA,South Dakota,GL27 - Rapid City (RAP),,,No,
Aberdeen Flying Service INC,BGJA,South Dakota,GL27 - Rapid City (RAP),,,No,
BADGER HELICOPTERS INC,QBHA,South Dakota,GL27 - Rapid City (RAP),,,No,
BLACK HILLS AERIAL ADVENTURES INC,BDJA,South Dakota,GL27 - Rapid City (RAP),,,No,
"BLACK HILLS HELICOPTERS AND CHARTERS, INC.",4BHA,South Dakota,GL27 - Rapid City (RAP),,,No,
"BUSINESS AVIATION COURIER, INC.",DUFA,South Dakota,GL27 - Rapid City (RAP),,,No,
CAPITAL CITY AIR CARRIER INC,CEPA,South Dakota,GL27 - Rapid City (RAP),,,No,
"CD PILOT AND AIRCRAFT MANAGEMENT SD, LLC",64MA,South Dakota,GL27 - Rapid City (RAP),,,No,
CLUB JET CHARTER LLC,2CJA,South Dakota,GL27 - Rapid City (RAP),,,No,
"DAKOTA ROTORS, LLC",4DKA,South Dakota,GL27 - Rapid City (RAP),,,No,
DALE AVIATION INC,DOKA,South Dakota,GL27 - Rapid City (RAP),,,No,
DELUX PUBLIC CHARTER LLC,4DPA,South Dakota,GL27 - Rapid City (RAP),,,No,
EAGLE AVIATION INC,EG6A,South Dakota,GL27 - Rapid City (RAP),,,No,
"GRYPHON AIR, LLC",7GYA,South Dakota,GL27 - Rapid City (RAP),,,No,
"Guidance Air Service, LLC",2G7A,South Dakota,GL27 - Rapid City (RAP),,,No,
HANGAR 9 INC,9HNA,South Dakota,GL27 - Rapid City (RAP),,,No,
"INTERNATIONAL AIR CHARTERS, INC.",4INA,South Dakota,GL27 - Rapid City (RAP),,,No,
"Jet Pros, LLC",JOZA,South Dakota,GL27 - Rapid City (RAP),,,No,
"LEGACY AVIATION, LLC",2LAA,South Dakota,GL27 - Rapid City (RAP),,,No,
"MRIS, LLC",2M7A,South Dakota,GL27 - Rapid City (RAP),,,No,
PARTNERS IN AVIATION AND COMMUNICATION TECHNOLOGY I,4P1A,South Dakota,GL27 - Rapid City (RAP),,,No,
"Paradigm Jet Management, Inc.",9PMA,South Dakota,GL27 - Rapid City (RAP),,,No,
"RUSHMORE HELICOPTERS, INC.",5RUA,South Dakota,GL27 - Rapid City (RAP),,,No,
SANFORD HEALTH,XU5A,South Dakota,GL27 - Rapid City (RAP),,,No,
SANFORD MEDICAL CENTER,SVBA,South Dakota,GL27 - Rapid City (RAP),,,No,
"SCIENTIFIC AVIATION, INC.",85CA,South Dakota,GL27 - Rapid City (RAP),,,No,
Skyways Charter LLC,SY0A,South Dakota,GL27 - Rapid City (RAP),,,No,
"Western Sky Aviation, LLC",2OMA,South Dakota,GL27 - Rapid City (RAP),,,No,
"AB Jets, LLC",B5ZA,Tennessee,CE21 - Memphis (MEM),,,No,
AIR 2 LLC,X2RA,Tennessee,CE19 - Nashville (BNA),,,No,
AirSign Airship Group,VL9A,Tennessee,CE19 - Nashville (BNA),,,No,
"Corporate Flight Management, Inc.",FJTA,Tennessee,CE19 - Nashville (BNA),,,No,
"Crystal Air, Inc.",TLOA,Tennessee,CE19 - Nashville (BNA),,,No,
"East Tennessee Helicopters, Inc.",Y6EA,Tennessee,CE19 - Nashville (BNA),,,No,
"Great Smoky Mountain Helicopter, Inc.",B9RA,Tennessee,CE19 - Nashville (BNA),,,No,
HARMONY AIR LLC,1HRA,Tennessee,CE19 - Nashville (BNA),,,No,
"Hangar 10, Inc.",LFBA,Tennessee,CE19 - Nashville (BNA),,,No,
"HessJet, LLC",8HTA,Tennessee,CE19 - Nashville (BNA),,,No,
"JetRight Aerospace Holdings, LLC",N9VA,Tennessee,CE19 - Nashville (BNA),,,No,
MID SOUTH JETS INC,J81A,Tennessee,CE21 - Memphis (MEM),,,No,
"Maxair Charter, Inc.",X0IA,Tennessee,CE19 - Nashville (BNA),,,No,
"McRae Aviation Services, LLC",IFOA,Tennessee,CE19 - Nashville (BNA),,,No,
"Memphis Medical Center Air Ambulance Service, Inc.",JPBA,Tennessee,CE21 - Memphis (MEM),,,No,
"Morristown Flying Service, Inc.",DVGA,Tennessee,CE19 - Nashville (BNA),,,No,
PROAV CHARTERS INC,9R0A,Tennessee,CE21 - Memphis (MEM),,,No,
"Panther Aviation, Inc.",FOVA,Tennessee,CE19 - Nashville (BNA),,,No,
"RJH, LLC",19HA,Tennessee,CE19 - Nashville (BNA),,,No,
"Richards Aviation, Inc.",FLHA,Tennessee,CE21 - Memphis (MEM),,,No,
Secure Air Charter LLC,VQ8A,Tennessee,CE19 - Nashville (BNA),,,No,
Sky Night LLC,K6NA,Tennessee,CE19 - Nashville (BNA),,,No,
Smoky Mountain Air Charter Service,Y3KA,Tennessee,CE19 - Nashville (BNA),,,No,
"Vision Air, LLC",4JJA,Tennessee,CE19 - Nashville (BNA),,,No,
"Whirl'd Helicopters , Inc.",R93A,Tennessee,CE19 - Nashville (BNA),,,No,
XP Services Inc.,1LIA,Tennessee,CE21 - Memphis (MEM),,,No,
ASCENT AIR CHARTER INC,4R7A,Utah,NM07 - Salt Lake City (SLC),,,No,
Adventure Air LLC,AWDA,Utah,NM07 - Salt Lake City (SLC),,,No,
"Aero-Copters of Arizona, Inc.",DQBA,Utah,NM07 - Salt Lake City (SLC),,,No,
Air Medical Resource Group LLC,7AJA,Utah,NM07 - Salt Lake City (SLC),,,No,
"Alpine Aviation, Inc.",TIMA,Utah,NM07 - Salt Lake City (SLC),,,No,
Arrow West Aviation,OW6A,Utah,NM07 - Salt Lake City (SLC),,,No,
"Avcenter, Inc.",GAYA,Utah,NM07 - Salt Lake City (SLC),,,No,
"CLASSIC AVIATION SERVICES, LLC",Q6VA,Utah,NM07 - Salt Lake City (SLC),,,No,
COLORADO FLIGHT CENTER INC,50CA,Utah,NM07 - Salt Lake City (SLC),,,No,
COLORADO HIGHLAND HELICOPTERS,8C0A,Utah,NM07 - Salt Lake City (SLC),,,No,
"Classic Helicopter Group, LLC",JAPA,Utah,NM07 - Salt Lake City (SLC),,,No,
"Cortez Flying Service, Inc.",CLDA,Utah,NM07 - Salt Lake City (SLC),,,No,
ELEVATED AVIATION LLC,2ETA,Utah,NM07 - Salt Lake City (SLC),,,No,
"Gateway Canyons Air Tours, LLC",7GCA,Utah,NM07 - Salt Lake City (SLC),,,No,
"Gregg Flying Service, Inc.",IKJA,Utah,NM07 - Salt Lake City (SLC),,,No,
"Guardian Flight, LLC.",G1IA,Utah,NM07 - Salt Lake City (SLC),,,No,
"IHC Health Services, Inc.",I7LA,Utah,NM07 - Salt Lake City (SLC),,,No,
KIT HELICOPTER OPERATIONS LLC,KT1A,Utah,NM07 - Salt Lake City (SLC),,,No,
"Keystone Aviation, LLC",B8MA,Utah,NM07 - Salt Lake City (SLC),,,No,
"Kolob Canyons Air Services, LLC",K51A,Utah,NM07 - Salt Lake City (SLC),,,No,
MEEKER AIRPORT INC,CKPA,Utah,NM07 - Salt Lake City (SLC),,,No,
MOUNTAIN AIR SPRAY COMPANY INC.,CLRA,Utah,NM07 - Salt Lake City (SLC),,,No,
MOUNTAIN BLADE RUNNER LLC,7MNA,Utah,NM07 - Salt Lake City (SLC),,,No,
MOUNTAIN WEST HELICOPTERS L L C,M5WA,Utah,NM07 - Salt Lake City (SLC),,,No,
PINNACLE HELICOPTERS LLC,8HPA,Utah,NM07 - Salt Lake City (SLC),,,No,
"RICHARDS, BEN JAMES",DQMA,Utah,NM07 - Salt Lake City (SLC),,,No,
"Snowshoe Air, LLC",4SSA,Utah,NM07 - Salt Lake City (SLC),,,No,
UHI Inc,2UHA,Utah,NM07 - Salt Lake City (SLC),,,No,
"Upper Limit Flight Services, Inc",QOQA,Utah,NM07 - Salt Lake City (SLC),,,No,
"WASATCH HELICOPTER, LLC.",U64A,Utah,NM07 - Salt Lake City (SLC),,,No,
ZION HELICOPTERS LLC,2ZHA,Utah,NM07 - Salt Lake City (SLC),,,No,
Albatross Air Inc,VJBA,West Virginia,EA09 - Charleston (CRW),,,No,
"MOUNTAIN AIR SERVICES, LLC",9MTA,West Virginia,EA09 - Charleston (CRW),,,No,
"AIR CARGO CARRIERS, LLC.",DATA,Wisconsin,GL13 - Milwaukee (MKE),,,No,
"Aviation Advisor, Inc.",ZDVA,Wisconsin,GL13 - Milwaukee (MKE),,,No,
"Basler Turbo Conversions, Inc.",SRVA,Wisconsin,GL13 - Milwaukee (MKE),,,No,
"CHEMAIR HELICOPTERS,INC.",PELA,Wisconsin,GL13 - Milwaukee (MKE),,,No,
"Direct Charter Service,Inc.",5DIA,Wisconsin,GL13 - Milwaukee (MKE),,,No,
FREIGHT RUNNERS EXPRESS INC,KCQA,Wisconsin,GL13 - Milwaukee (MKE),,,No,
GRAN AIRE INC,AZOA,Wisconsin,GL13 - Milwaukee (MKE),,,No,
"Heartland Aviation, LLC.",AZNA,Wisconsin,GL13 - Milwaukee (MKE),,,No,
Jet Out LLC,L4OA,Wisconsin,GL13 - Milwaukee (MKE),,,No,
LAKESHORE CHARTERS LLC,3LKA,Wisconsin,GL13 - Milwaukee (MKE),,,No,
"LINK SNACKS, INC",4LSA,Wisconsin,GL13 - Milwaukee (MKE),,,No,
MAXAIR LLC,MAXA,Wisconsin,GL13 - Milwaukee (MKE),,,No,
MOREY AIRPLANE CO INC,AZSA,Wisconsin,GL13 - Milwaukee (MKE),,,No,
"ORION AVIATION SOLUTIONS, LLC",O9FA,Wisconsin,GL13 - Milwaukee (MKE),,,No,
"Pro Aire Cargo & Consulting, Inc.",W1XA,Wisconsin,GL13 - Milwaukee (MKE),,,No,
"SC Aviation, Inc.",G13A,Wisconsin,GL13 - Milwaukee (MKE),,,No,
STEIN'S AIRCRAFT SERVICES LLC,1S3A,Wisconsin,GL13 - Milwaukee (MKE),,,No,
"Sterling Aviation, LLC",DBCA,Wisconsin,GL13 - Milwaukee (MKE),,,No,
T D M INC,TEOA,Wisconsin,GL13 - Milwaukee (MKE),,,No,
"WAK AVIATIONS, LLC",4WKA,Wisconsin,GL13 - Milwaukee (MKE),,,No,
WEST BEND AIR INC,WTWA,Wisconsin,GL13 - Milwaukee (MKE),,,No,
WINGS AIR CHARTER  LLC,W9SA,Wisconsin,GL13 - Milwaukee (MKE),,,No,
WISCONSIN AVIATION INC,DBKA,Wisconsin,GL13 - Milwaukee (MKE),,,No,
